{"cameraMode":{"drawMode":0,"name":"Shaded","section":"Shading Mode"},"sceneLighting":true,"audioPlay":false,"sceneViewState":{"showFog":true,"showMaterialUpdate":false,"showSkybox":true,"showFlares":true,"showImageEffects":true,"showParticleSystems":true},"in2DMode":false,"pivot":{"x":-0.47999998927116396,"y":6.840000152587891,"z":-11.949999809265137},"rotation":{"x":-0.4523890018463135,"y":-0.18045015633106233,"z":0.09401480853557587,"w":-0.8683013916015625},"size":13.900002479553223,"orthographic":false}