{"cameraMode":{"drawMode":0,"name":"Shaded","section":"Shading Mode"},"sceneLighting":true,"audioPlay":false,"sceneViewState":{"showFog":true,"showMaterialUpdate":true,"showSkybox":true,"showFlares":true,"showImageEffects":true,"showParticleSystems":true},"in2DMode":false,"pivot":{"x":0.1590716540813446,"y":2.591360092163086,"z":-0.1575469970703125},"rotation":{"x":0.24091467261314393,"y":-0.00437202537432313,"z":0.0010876223677769304,"w":0.9705404043197632},"size":18.690122604370118,"orthographic":false}